first_name,last_name,email,gender
Park,Berney,pberney0@abc.net.au,Male
Terri,Hatz,thatz1@alexa.com,Polygender
Tuesday,Dewberry,tdewberry2@latimes.com,Genderfluid
Gertie,Henrych,ghenrych3@rediff.com,Female
Claudianus,Longhorn,clonghorn4@examiner.com,Male
Martainn,Coddrington,mcoddrington5@feedburner.com,Male
Adriane,Birden,abirden6@sina.com.cn,Female
Weston,Saker,wsaker7@pcworld.com,Male
Percy,McQuirter,pmcquirter8@admin.ch,Male
Marji,Balazs,mbalazs9@lulu.com,Female
Guy,Birtwhistle,gbirtwhistlea@issuu.com,Male
Alix,Dussy,adussyb@tinypic.com,Female
Briney,Edworthie,bedworthiec@dell.com,Female
Nollie,Keyes,nkeyesd@washingtonpost.com,Male
Georgianne,Crampton,gcramptone@ucla.edu,Bigender
Colline,Luthwood,cluthwoodf@virginia.edu,Female
Annie,Severns,asevernsg@oracle.com,Female
Nananne,Chaulk,nchaulkh@columbia.edu,Female
Christy,Spreadbury,cspreadburyi@purevolume.com,Female
Buck,Prowting,bprowtingj@pcworld.com,Male
Stephanus,Kalb,skalbk@woothemes.com,Male
Norbert,Behr,nbehrl@chron.com,Male
Gavin,Hatchard,ghatchardm@cam.ac.uk,Male
Corrie,Wreakes,cwreakesn@cornell.edu,Male
Franky,Luxmoore,fluxmooreo@aboutads.info,Female
Davey,Stainton,dstaintonp@ox.ac.uk,Male
Paola,Jiruch,pjiruchq@shop-pro.jp,Polygender
Minny,Kale,mkaler@mysql.com,Female
Percy,Hansod,phansods@smh.com.au,Male
Sylvester,Christon,schristont@cyberchimps.com,Male
Isidore,Mathwin,imathwinu@odnoklassniki.ru,Male
Ryann,Thurlborn,rthurlbornv@unc.edu,Genderfluid
Barnett,Holehouse,bholehousew@cisco.com,Male
Vivienne,Picot,vpicotx@nymag.com,Female
Smith,Cooley,scooleyy@ehow.com,Polygender
Westley,Iacovini,wiacoviniz@dell.com,Male
Rudy,Moon,rmoon10@sbwire.com,Genderfluid
Latashia,Barrowclough,lbarrowclough11@fema.gov,Female
Ahmed,Rogerot,arogerot12@state.tx.us,Male
Daphene,Gerson,dgerson13@trellian.com,Female
Ashlan,Portt,aportt14@ocn.ne.jp,Female
Fredericka,Deniseau,fdeniseau15@delicious.com,Female
Shelly,Shillom,sshillom16@stanford.edu,Female
Sonnie,Hourihane,shourihane17@mayoclinic.com,Female
Katha,Gerb,kgerb18@ebay.com,Female
Merrielle,Rous,mrous19@livejournal.com,Polygender
Rozele,Brakespear,rbrakespear1a@trellian.com,Female
Der,Bleddon,dbleddon1b@technorati.com,Male
Travis,Dubble,tdubble1c@reddit.com,Male
Alva,Duchateau,aduchateau1d@google.fr,Male
Amabelle,Tuppeny,atuppeny1e@marketwatch.com,Female
Dasha,Dhillon,ddhillon1f@ftc.gov,Female
Elsinore,Sawyers,esawyers1g@chronoengine.com,Genderqueer
Loren,McGeady,lmcgeady1h@jimdo.com,Male
Margo,Kennaird,mkennaird1i@unicef.org,Female
Laraine,Dodshun,ldodshun1j@hexun.com,Female
Orton,Athridge,oathridge1k@reverbnation.com,Male
Lissi,Penman,lpenman1l@typepad.com,Female
Zachariah,Jewise,zjewise1m@ehow.com,Male
Gwendolyn,Bridgens,gbridgens1n@cpanel.net,Female
Morty,Allans,mallans1o@gnu.org,Male
Anjela,Braybrooke,abraybrooke1p@cisco.com,Female
Shaina,Ogilvy,sogilvy1q@scribd.com,Female
Sheilah,Freemantle,sfreemantle1r@google.pl,Female
Trumann,Baudou,tbaudou1s@drupal.org,Male
Stanton,Townsley,stownsley1t@huffingtonpost.com,Male
Chere,Pegg,cpegg1u@artisteer.com,Female
Ardisj,Dinan,adinan1v@nymag.com,Female
Drew,Stratz,dstratz1w@prnewswire.com,Male
Alasteir,Hirtz,ahirtz1x@marketwatch.com,Male
Lorry,Dennistoun,ldennistoun1y@nba.com,Genderqueer
Garvy,Besset,gbesset1z@paypal.com,Male
Cassandre,Whall,cwhall20@barnesandnoble.com,Female
Tobey,Fendley,tfendley21@cdc.gov,Female
Philbert,Roydon,proydon22@theguardian.com,Male
Nil,Kesteven,nkesteven23@csmonitor.com,Male
Bradney,Metcalfe,bmetcalfe24@dailymail.co.uk,Male
Ron,Pordall,rpordall25@weather.com,Male
Konstantin,Yersin,kyersin26@amazon.de,Male
Melany,Basset,mbasset27@google.pl,Female
Tammara,De Gregoli,tdegregoli28@ebay.co.uk,Non-binary
Augustus,Feaks,afeaks29@phpbb.com,Male
Rey,Tollerton,rtollerton2a@dedecms.com,Male
Isak,Carson,icarson2b@ucoz.ru,Male
Odo,Belchamber,obelchamber2c@weather.com,Male
Dee,Oels,doels2d@imdb.com,Female
Mylo,Nickoles,mnickoles2e@biglobe.ne.jp,Male
Shayne,Millyard,smillyard2f@sfgate.com,Female
Onfre,Kildea,okildea2g@un.org,Male
Dorise,Chillingsworth,dchillingsworth2h@who.int,Female
Grace,Schrinel,gschrinel2i@stanford.edu,Female
Bobby,Kollasch,bkollasch2j@vk.com,Male
Gaile,Battlestone,gbattlestone2k@bandcamp.com,Male
Ddene,Strand,dstrand2l@apache.org,Female
Giuditta,Wadham,gwadham2m@blogs.com,Female
Nancee,Sutterby,nsutterby2n@smh.com.au,Female
Pancho,Jinkins,pjinkins2o@gizmodo.com,Male
Prinz,Cullen,pcullen2p@uol.com.br,Male
Krista,Dufoure,kdufoure2q@slate.com,Female
Zaria,Brackenbury,zbrackenbury2r@wix.com,Female
